feature,importance
days_since_last_purchase,0.14682065713603357
total_orders,0.08870208625789719
total_spend_usd,0.0768992185547939
orders_per_year,0.07200129241074588
customer_tenure_days,0.0615679011894219
avg_order_value_usd,0.061119061907153015
reviews_per_order,0.05310548333819761
age,0.04883917462187304
avg_review_score,0.04436609879337026
reviews_given,0.04024938532167581
wishlist_items,0.03988289748189806
returns_per_order,0.024378348265628423
returns_made,0.012488635023881351
preferred_payment_method_Credit Card,0.010257070596989956
newsletter_subscribed,0.00968168632847287
preferred_device_Mobile,0.009550122360133995
country_United States,0.008728604561177813
gender_Female,0.008699619886936912
gender_Male,0.00868690921047729
acquisition_channel_Organic Search,0.00854182918774521
preferred_device_Desktop,0.008102029709860525
membership_tier_Free,0.00774784760810272
acquisition_channel_Social Media,0.007311543459630985
acquisition_channel_Email Campaign,0.007187163102412399
preferred_category_Electronics,0.0070547182607842976
preferred_payment_method_Debit Card,0.006957428177146635
membership_tier_Silver,0.006784464172932458
preferred_payment_method_PayPal,0.005948745980502894
membership_tier_Gold,0.005716758808806697
preferred_category_Clothing & Apparel,0.005484851860894634
preferred_category_Books,0.005319138348385312
acquisition_channel_Paid Ad,0.005307383198953106
preferred_category_Home & Kitchen,0.004766948044095963
preferred_device_Tablet,0.004741600567351701
acquisition_channel_Direct,0.004601581350590954
country_United Kingdom,0.004385173492004987
country_India,0.004081280185853791
preferred_payment_method_UPI / Digital Wallet,0.003960377464823526
preferred_payment_method_Bank Transfer,0.003390245023978827
preferred_category_Food & Grocery,0.0033040394888531597
acquisition_channel_Referral,0.0030921152076887103
country_Germany,0.003075697477072896
preferred_category_Sports & Outdoors,0.002988140464094584
preferred_category_Beauty & Personal Care,0.0029729873287932624
membership_tier_Platinum,0.002859053378616968
country_Brazil,0.0028270582265768553
preferred_category_Automotive,0.002546862065881692
preferred_category_Toys & Games,0.0025020391749484856
preferred_payment_method_Buy Now Pay Later,0.002431193906695223
country_Canada,0.002406157507923026
country_France,0.0023241494008548946
preferred_category_Health & Wellness,0.001968152555084354
gender_Other,0.0019177910903259933
preferred_category_Jewelry & Accessories,0.0019141913770048195
country_Australia,0.0018539659962424036
preferred_payment_method_Cryptocurrency,0.0017256687634950277
preferred_category_Office Supplies,0.0017055457792175914
country_Japan,0.0015345209509820396
country_Netherlands,0.001430776987143757
country_Mexico,0.0014297700453607771
country_Turkey,0.001380469163859882
preferred_category_Pet Supplies,0.0012618660710900767
country_Spain,0.001072097556239568
country_Italy,0.0008823432167748515
country_South Korea,0.0007403027614386277
preferred_category_Travel & Luggage,0.0006845181597276938
country_Singapore,0.0004267838272216907
country_UAE,0.00039275222818733134
country_Sweden,0.000361537830186796
country_Poland,0.0003162258156868332
country_South Africa,0.00025586494511350456
